{"cameraMode":{"drawMode":0,"name":"Shaded","section":"Shading Mode"},"sceneLighting":true,"audioPlay":false,"sceneViewState":{"showFog":true,"showMaterialUpdate":false,"showSkybox":true,"showFlares":true,"showImageEffects":true,"showParticleSystems":true,"showVisualEffectGraphs":true,"m_FxEnabled":true},"in2DMode":false,"pivot":{"x":2.7169201374053957,"y":-3.339017868041992,"z":4.260576248168945},"rotation":{"x":-0.41284629702568056,"y":-0.08367541432380676,"z":0.038156818598508838,"w":-0.9061704874038696},"size":10.743748664855957,"orthographic":false}