{"cameraMode":{"drawMode":0,"name":"Shaded","section":"Shading Mode"},"sceneLighting":true,"audioPlay":false,"sceneViewState":{"showFog":true,"showMaterialUpdate":false,"showSkybox":true,"showFlares":true,"showImageEffects":true,"showParticleSystems":true,"showVisualEffectGraphs":true,"m_FxEnabled":true},"in2DMode":false,"pivot":{"x":5.937492370605469,"y":6.619189739227295,"z":12.434624671936036},"rotation":{"x":-0.41284629702568056,"y":-0.08367541432380676,"z":0.038156818598508838,"w":-0.9061704874038696},"size":20.383222579956056,"orthographic":false}