{"cameraMode":{"drawMode":0,"name":"Shaded","section":"Shading Mode"},"sceneLighting":false,"audioPlay":false,"sceneViewState":{"showFog":true,"showMaterialUpdate":false,"showSkybox":false,"showFlares":true,"showImageEffects":true,"showParticleSystems":true,"showVisualEffectGraphs":true,"m_FxEnabled":true},"in2DMode":false,"pivot":{"x":3.450000047683716,"y":0.6589999794960022,"z":0.009999997913837433},"rotation":{"x":-0.14156226813793183,"y":-0.5531496405601502,"z":0.09602020680904389,"w":-0.8153497576713562},"size":0.1956624835729599,"orthographic":false}