{"cameraMode":{"drawMode":0,"name":"Shaded","section":"Shading Mode"},"sceneLighting":true,"audioPlay":false,"sceneViewState":{"showFog":true,"showMaterialUpdate":false,"showSkybox":true,"showFlares":true,"showImageEffects":true,"showParticleSystems":true},"in2DMode":false,"pivot":{"x":-15.166718482971192,"y":9.136430740356446,"z":1.564490795135498},"rotation":{"x":-0.48352858424186709,"y":0.17541229724884034,"z":-0.09957624971866608,"w":-0.8517739772796631},"size":1.992002248764038,"orthographic":false}