{"cameraMode":{"drawMode":0,"name":"Shaded","section":"Shading Mode"},"sceneLighting":false,"audioPlay":false,"sceneViewState":{"showFog":true,"showMaterialUpdate":false,"showSkybox":false,"showFlares":true,"showImageEffects":true,"showParticleSystems":true},"in2DMode":false,"pivot":{"x":16.094684600830079,"y":0.04499995708465576,"z":-3.089547634124756},"rotation":{"x":-0.35653290152549746,"y":-0.5641054511070252,"z":0.2939021587371826,"w":-0.6843182444572449},"size":3.888674020767212,"orthographic":false}