{"cameraMode":{"drawMode":0,"name":"Shaded","section":"Shading Mode"},"sceneLighting":true,"audioPlay":false,"sceneViewState":{"showFog":true,"showMaterialUpdate":false,"showSkybox":false,"showFlares":true,"showImageEffects":true,"showParticleSystems":true},"in2DMode":false,"pivot":{"x":451.0,"y":210.5802459716797,"z":-6.0198073387146},"rotation":{"x":-0.17362946271896363,"y":-0.11874966323375702,"z":0.021095894277095796,"w":-0.9774036407470703},"size":500.75457763671877,"orthographic":false}