{"cameraMode":{"drawMode":0,"name":"Shaded","section":"Shading Mode"},"sceneLighting":false,"audioPlay":false,"sceneViewState":{"showFog":true,"showMaterialUpdate":false,"showSkybox":false,"showFlares":true,"showImageEffects":true,"showParticleSystems":true},"in2DMode":false,"pivot":{"x":514.50244140625,"y":190.27532958984376,"z":-8.73690128326416},"rotation":{"x":-0.028794726356863977,"y":0.027582800015807153,"z":-0.0007936706533655524,"w":-0.9992114901542664},"size":611.6331176757813,"orthographic":false}