{"cameraMode":{"drawMode":0,"name":"Shaded","section":"Shading Mode"},"sceneLighting":true,"audioPlay":false,"sceneViewState":{"showFog":true,"showMaterialUpdate":false,"showSkybox":true,"showFlares":true,"showImageEffects":true,"showParticleSystems":true},"in2DMode":false,"pivot":{"x":-4.019087314605713,"y":-12.17507553100586,"z":14.882214546203614},"rotation":{"x":-0.4893963634967804,"y":-0.03475065901875496,"z":0.019590038806200029,"w":-0.8712278008460999},"size":24.328752517700197,"orthographic":false}