{"cameraMode":{"drawMode":0,"name":"Shaded","section":"Shading Mode"},"sceneLighting":false,"audioPlay":false,"sceneViewState":{"showFog":true,"showMaterialUpdate":false,"showSkybox":false,"showFlares":true,"showImageEffects":true,"showParticleSystems":true},"in2DMode":false,"pivot":{"x":3.450000047683716,"y":0.6589999794960022,"z":0.009999997913837433},"rotation":{"x":-0.47642001509666445,"y":-0.09539277106523514,"z":0.05208936333656311,"w":-0.8724756240844727},"size":0.1956624835729599,"orthographic":false}