{"cameraMode":{"drawMode":0,"name":"Shaded","section":"Shading Mode"},"sceneLighting":false,"audioPlay":false,"sceneViewState":{"showFog":true,"showMaterialUpdate":false,"showSkybox":false,"showFlares":true,"showImageEffects":true,"showParticleSystems":true},"in2DMode":false,"pivot":{"x":4.0,"y":1.1671607494354249,"z":-1.6399993896484376},"rotation":{"x":-0.17362946271896363,"y":-0.11874966323375702,"z":0.021095894277095796,"w":-0.9774036407470703},"size":1.4412645101547242,"orthographic":false}