{"cameraMode":{"drawMode":0,"name":"Shaded","section":"Shading Mode"},"sceneLighting":false,"audioPlay":false,"sceneViewState":{"showFog":true,"showMaterialUpdate":false,"showSkybox":false,"showFlares":true,"showImageEffects":true,"showParticleSystems":true},"in2DMode":false,"pivot":{"x":4.006999969482422,"y":1.1670000553131104,"z":-1.6624994277954102},"rotation":{"x":-0.1378270834684372,"y":0.8019258975982666,"z":-0.20289520919322968,"w":-0.5447498559951782},"size":2.4757180213928224,"orthographic":false}