{"cameraMode":{"drawMode":0,"name":"Shaded","section":"Shading Mode"},"sceneLighting":false,"audioPlay":false,"sceneViewState":{"showFog":true,"showMaterialUpdate":false,"showSkybox":false,"showFlares":true,"showImageEffects":true,"showParticleSystems":true},"in2DMode":false,"pivot":{"x":0.7446498870849609,"y":5.419417381286621,"z":-26.436311721801759},"rotation":{"x":-0.1949692666530609,"y":0.495060533285141,"z":-0.11497001349925995,"w":-0.8389284610748291},"size":14.798524856567383,"orthographic":false}