{"cameraMode":{"drawMode":0,"name":"Shaded","section":"Shading Mode"},"sceneLighting":true,"audioPlay":false,"sceneViewState":{"showFog":true,"showMaterialUpdate":false,"showSkybox":false,"showFlares":true,"showImageEffects":true,"showParticleSystems":true},"in2DMode":false,"pivot":{"x":15.419088363647461,"y":0.1614999771118164,"z":-8.1071138381958},"rotation":{"x":-0.3914656341075897,"y":-0.018771853297948839,"z":0.007989149540662766,"w":-0.9199740290641785},"size":2.8886237144470217,"orthographic":false}