{"cameraMode":{"drawMode":0,"name":"Shaded","section":"Shading Mode"},"sceneLighting":false,"audioPlay":false,"sceneViewState":{"showFog":true,"showMaterialUpdate":false,"showSkybox":false,"showFlares":true,"showImageEffects":true,"showParticleSystems":true},"in2DMode":false,"pivot":{"x":-4.179999351501465,"y":0.0,"z":-1.3499999046325684},"rotation":{"x":0.3014335334300995,"y":0.02573867328464985,"z":-0.008131529204547406,"w":0.9531105160713196},"size":2.2406601905822756,"orthographic":false}